source,title,link
BBC News,Nineteen dead in attacks on churches and synagogue in southern Russia,https://www.bbc.com/news/articles/crgggwg158do
BBC News,"Intense fighting in Rafah near end, says Netanyahu",https://www.bbc.com/news/articles/cpvvvkxpxwno
BBC News,Protests flare up in New Caledonia as France detains activists,https://www.bbc.com/news/articles/c4nnn56ved6o
BBC News,Criminal charges recommended against Boeing,https://www.bbc.com/news/articles/c0666zr4010o
BBC News,China and EU to hold talks on electric car tariffs,https://www.bbc.com/news/articles/cw999dwp313o
BBC News,"Intense fighting in Rafah near end, says Netanyahu",https://www.bbc.com/news/articles/cpvvvkxpxwno
BBC News,Exploding batteries spark deadly S Korea factory fire,https://www.bbc.com/news/articles/crgggmeyjj7o
BBC News,How exam scandals threaten the future of India's young people,https://www.bbc.com/news/articles/c511j589npyo
BBC News,World first epilepsy device fitted in UK boy's skull,https://www.bbc.com/news/articles/cg33kgd81mvo
BBC News,Protests flare up in New Caledonia as France detains activists,https://www.bbc.com/news/articles/c4nnn56ved6o
BBC News,'Cricket is the only source of happiness back home': Afghans celebrate big win,https://www.bbc.com/news/articles/cpvvggllp2ko
BBC News,Pirates of the Caribbean star killed in shark attack,https://www.bbc.com/news/articles/cd1117lwlxyo
BBC News,Kelce makes surprise appearance during Swift show,https://www.bbc.com/news/articles/c2999rpn6e5o
BBC News,Missing hiker survives by drinking gallon of water a day,https://www.bbc.com/news/articles/cq5554991pvo
BBC News,"At least 1,301 people died during Hajj - Saudi Arabia",https://www.bbc.com/news/articles/c8000dgk9gzo
BBC News,Huge Saudi construction projects 'might get scaled down',https://www.bbc.com/news/articles/cyrr3mm8evyo
BBC News,How islanders are saving their Indian Ocean coral reef,https://www.bbc.com/news/articles/cjkkd66874ko
BBC News,Edmonton Oilers on brink of history after thrilling comeback,https://www.bbc.com/news/articles/ce55l4l4x11o
BBC News,"Unable to back down, Israel and Hezbollah move closer to all-out war",https://www.bbc.com/news/articles/c4nn145p20qo
BBC News,Trolls told me I was too fat to play Kate - Crown star,https://www.bbc.com/news/articles/c3gggk7d7zwo
BBC News,How islanders are saving their Indian Ocean coral reef,https://www.bbc.com/news/articles/cjkkd66874ko
BBC News,Seventeen: The K-pop band about to make history at UK festival,https://www.bbc.com/news/articles/cn00npn4yl0o
BBC News,Are renters a new electoral coalition?,https://www.bbc.com/news/articles/clmm774k34zo
BBC News,Edmonton Oilers on brink of history after thrilling comeback,https://www.bbc.com/news/articles/ce55l4l4x11o
BBC News,Giant anti-government protest rally grips Tel Aviv,https://www.bbc.com/news/videos/c722pyj1zm1o
BBC News,Watch: Wild Thang is officially the world's ugliest dog,https://www.bbc.com/news/videos/c877z367k67o
BBC News,Ros Atkins: Is Brexit still important to voters?,https://www.bbc.com/news/videos/c72229542n0o
BBC News,Disappointed fans react after Scotland are knocked out,https://www.bbc.com/news/videos/c84441levyno
BBC News,"No tickets? No problem, say Taylor Swift fans outside arena",https://www.bbc.com/news/videos/c6ppyq80vp5o
BBC News,Stars take over Paris for sporty Vogue fashion show,https://www.bbc.com/news/articles/ckkkkdqvywdo
BBC News,Woman attacked by wolves in safari park near Paris,https://www.bbc.com/news/articles/c51119kp00qo
BBC News,England thrash USA to secure semi-final place,https://www.bbc.com/sport/cricket/articles/c9rrry2wx0vo
BBC News,'Cricket is the only source of happiness back home': Afghans celebrate famous win,https://www.bbc.com/news/articles/cpvvggllp2ko
BBC News,Taylor Swift grabs royal selfie at London gig,https://www.bbc.com/news/articles/cgee8qgey2eo
BBC News,Woman attacked by wolves in safari park near Paris,https://www.bbc.com/news/articles/c51119kp00qo
BBC News,I almost died trying to get salt from the sea,https://www.bbc.com/news/articles/c0335ljkg5ro
BBC News,More people investigated over UK election bet claims,https://www.bbc.com/news/articles/crgggw4qkxzo
BBC News,England thrash USA to secure semi-final place,https://www.bbc.com/sport/cricket/articles/c9rrry2wx0vo
BBC News,Exploding batteries spark deadly S Korea factory fire,https://www.bbc.com/news/articles/crgggmeyjj7o
BBC News,Pirates of the Caribbean star killed in shark attack,https://www.bbc.com/news/articles/cd1117lwlxyo
BBC News,Nineteen dead in attacks on churches and synagogue in southern Russia,https://www.bbc.com/news/articles/crgggwg158do
BBC News,Missing hiker survives by drinking gallon of water a day,https://www.bbc.com/news/articles/cq5554991pvo
BBC News,Huge Saudi construction projects 'might get scaled down',https://www.bbc.com/news/articles/cyrr3mm8evyo
BBC News,World first epilepsy device fitted in UK boy's skull,https://www.bbc.com/news/articles/cg33kgd81mvo
BBC News,"Intense fighting in Rafah near end, says Netanyahu",https://www.bbc.com/news/articles/cpvvvkxpxwno
BBC News,Criminal charges recommended against Boeing,https://www.bbc.com/news/articles/c0666zr4010o
BBC News,Kelce makes surprise appearance during Swift show,https://www.bbc.com/news/articles/c2999rpn6e5o
BBC News,"At least 1,301 people died during Hajj - Saudi Arabia",https://www.bbc.com/news/articles/c8000dgk9gzo
BBC News,Watch Shaw return to England training plus reaction as Scotland go out of Euro 2024,https://www.bbc.com/sport/football/live/crgg4gzq9l2t
BBC News,County Championship: Day two - radio & text,https://www.bbc.com/sport/cricket/live/cqee500l0ldt
BBC News,Hometown hero Jordan takes England to 'crunch time' in Barbados,https://www.bbc.com/sport/cricket/articles/cjkkkez5p0ko
BBC News,Norris 'happy with 99% of things' but needs extra 1% to beat Verstappen,https://www.bbc.com/sport/formula1/articles/crgggvn7elgo
BBC News,Yang wins first major at 75th attempt,https://www.bbc.com/sport/golf/articles/c5111kk89xjo
BBC News,County Championship: Day two - radio & text,https://www.bbc.com/sport/cricket/live/cqee500l0ldt
BBC News,South Africa edge past West Indies to reach semis,https://www.bbc.com/sport/cricket/articles/cnlll5wzn5ko
BBC News,Scotland boss Clarke furious at '100% penalty' denial,https://www.bbc.com/sport/football/articles/c4nnn4752elo
BBC News,Hometown hero Jordan takes England to 'crunch time' in Barbados,https://www.bbc.com/sport/cricket/articles/cjkkkez5p0ko
Times of India,'It's unusual': SC on Delhi HC granting stay on CM Kejriwal's bail,https://timesofindia.indiatimes.com/india/excise-policy-case-sc-refuses-to-hear-kejriwals-bail-plea-till-hc-passes-its-order/articleshow/111224244.cms
Times of India,Prez Murmu to host dinner for new council of ministers,https://timesofindia.indiatimes.com/india/parliament-first-session-2024-pm-narendra-modi-18-lok-sabha-session-bhartruhari-mahtab-protem-speaker-bjp-congress-india-bloc-oath-taking-ceremony/liveblog/111217533.cms
Times of India,How extremism is eating away at Pakistan’s very roots,https://timesofindia.indiatimes.com/world/pakistan/how-extremism-is-eating-away-at-pakistans-very-roots/articleshow/111221820.cms
Times of India,Rahul holds up a copy of Constitution while PM takes oath,https://timesofindia.indiatimes.com/india/watch-rahul-gandhi-holds-up-a-copy-of-constitution-while-pm-modi-takes-oath/articleshow/111228119.cms
Times of India,Adani takes dig at Hindenburg report at Adani Group AGM,https://timesofindia.indiatimes.com/business/india-business/gautam-adani-takes-a-dig-at-hindenburg-report-at-adani-group-agm-says-short-seller-attack-was-designed-to-defame-group/articleshow/111226224.cms
Times of India,'Ram Setu' as seen from space: European agency shares stunning pic,https://timesofindia.indiatimes.com/india/ram-setu-as-seen-from-space-european-agency-shares-stunning-picture/articleshow/111229449.cms
Times of India,Treating ADHD. Why early detection and intervention are essential,https://timesofindia.indiatimes.com/india/treating-adhd-why-early-detection-and-intervention-are-essential/articleshow/111201978.cms
Times of India,Why post from Pak journalist angered Ravichandran Ashwin,https://timesofindia.indiatimes.com/technology/social/why-this-post-from-pakistani-journalist-on-his-timeline-angered-ravichandran-ashwin-making-him-write-to-elon-musk/articleshow/111212258.cms
Times of India,Exclusive: Cummins 'defines' Aus team ahead of India humdinger,https://timesofindia.indiatimes.com/sports/cricket/icc-mens-t20-world-cup/exclusive-pat-cummins-defines-the-australia-team-ahead-of-crucial-india-vs-australia-clash-in-t20-world-cup/articleshow/111222934.cms
Times of India,VIT's Online Data Science Degree,https://timesofindia.indiatimes.com/spotlight/master-the-intricacies-of-data-science-with-this-new-data-science-degree-programme-by-vit/articleshow/111141481.cms
Times of India,"Shopping: Sale on Smart TVs! Save Big on Big Screens at FAB TV Fest, starts @99/day*",https://timesofindia.indiatimes.com/amazon-bestsellers
Times of India,RUAS preps its students for Industry 4.0,https://timesofindia.indiatimes.com/spotlight/how-are-universities-like-ramaiah-university-of-applied-sciences-empowering-students-to-meet-the-needs-of-industry-4-0/articleshow/111163906.cms
Times of India,"TS Inter Results: TSBIE 1st, 2nd year supplementary results out",https://timesofindia.indiatimes.com/education/ts-inter-supply-results-2024-live-updates-where-how-to-check-telangana-manabadi-intermediate-1st-2nd-year-results-tgbie-cgg-gov-in/liveblog/111224237.cms
Times of India,What led cops to Darshan's involvement in Renukaswamy murder,https://timesofindia.indiatimes.com/city/bengaluru/d-boss-behind-bars-dumped-body-false-confession-what-led-cops-to-kannada-actor-darshans-involvement-in-renukaswamy-murder/articleshow/111217123.cms
Times of India,How Nvidia dropped from world's no 1 most-valuable company to no 3,https://timesofindia.indiatimes.com/technology/tech-news/how-nvidia-dropped-from-the-worlds-no-1-most-valuable-company-to-no-3-behind-microsoft-and-google/articleshow/111211404.cms
Times of India,"Best Phones Under 20000: Top Android Smartphones From OnePlus, Samsung And More At Competitive Prices",https://timesofindia.indiatimes.com/hot-picks/best-phones-under-20000-top-android-smartphones-from-oneplus-samsung-and-more-at-competitive-prices/articleshow/111140211.cms
Times of India,'If Priyanka wins ...': Robert Vadra's reaction on Cong's decision,https://timesofindia.indiatimes.com/city/kozhikode/if-priyanka-wins-from-wayanad-husband-robert-vadras-reaction-on-congresss-decision/articleshow/111227143.cms
Times of India,PM calls Emergency 'black spot' on democracy; Kharge hits back,https://timesofindia.indiatimes.com/india/pm-modi-calls-emergency-black-spot-on-democracy-ahead-of-parliament-session-congress-chief-kharge-hits-back/articleshow/111223722.cms
Times of India,Delhi murder: How 'mystery girl' Anu rose in ranks of Himanshu Bhau's gang,https://timesofindia.indiatimes.com/city/delhi/delhi-burger-king-murder-how-mystery-girl-anu-rose-in-ranks-of-himanshu-bhaus-gang/articleshow/111219988.cms
Times of India,South Korea factory fire: 20 dead bodies found,https://timesofindia.indiatimes.com/world/rest-of-world/south-korea-factory-fire-burned-battery-plant-in-seoul-kills-many-rescue-efforts/articleshow/111224472.cms
Times of India,T20 World Cup scenarios: The race to the semifinals,https://timesofindia.indiatimes.com/sports/cricket/icc-mens-t20-world-cup/t20-world-cup-the-race-to-the-semifinals/articleshow/111221162.cms
Times of India,"IMD issues yellow alert in Mumbai, Thane; orange in Raigad, Ratnagiri",https://timesofindia.indiatimes.com/city/mumbai/maharashtra-rain-imd-issues-yellow-alert-in-mumbai-thane-orange-alert-in-raigad-ratnagiri/articleshow/111225500.cms
Times of India,PM Modi Stings INDIA Bloc; Stresses On 'Consensus To Run Country' | Pre-18th LS Session Message,https://timesofindia.indiatimes.com/videos/toi-original/pm-modi-stings-india-bloc-stresses-on-consensus-to-run-country-pre-18th-ls-session-message/videoshow/111226854.cms
Times of India,"Sonakshi Wears Upcycled Saree for Marriage, Stuns in Banarasi for Reception!",https://timesofindia.indiatimes.com/videos/etimes/bollywood/sonakshi-sinha-wears-upcycled-saree-for-civil-marriage-stuns-in-banarasi-for-reception/videoshow/111218100.cms
Times of India,Sonakshi Sinha and Zaheer Iqbal's Star-Studded Reception,https://timesofindia.indiatimes.com/videos/etimes/bollywood/sonakshi-sinha-and-zaheer-iqbals-reception-from-anil-kapoor-tabu-to-aditi-rao-hydari-and-raveena-tandon-stars-who-made-it-to-celebrate/videoshow/111212459.cms
Times of India,Russia: Dagestan Attack Toll Mounts; Four Terrorists Killed In Counter-Terror Operations,https://timesofindia.indiatimes.com/videos/international/russia-dagestan-attack-toll-mounts-four-terrorists-killed-in-counter-terror-operations/videoshow/111225715.cms
Times of India,Putin Blasts U.S. For Deadly Attack On Sevastopol After Ukraine Launches ATACMS Missiles At Crimea,https://timesofindia.indiatimes.com/videos/international/putin-blasts-u-s-for-deadly-attack-on-sevastopol-after-ukraine-launches-atacms-missiles-at-crimea/videoshow/111217814.cms
Times of India,Watch: Anand Mahindra praises viral hands-free umbrella hack,https://timesofindia.indiatimes.com/technology/tech-news/watch-anand-mahindra-praises-viral-hands-free-umbrella-hack/articleshow/111224240.cms
Times of India,VIT's Online MBA Programme,https://timesofindia.indiatimes.com/spotlight/looking-to-climb-the-career-ladder-vellore-institute-of-technologys-online-mba-programme-is-where-you-can-get-started/articleshow/111222111.cms
Times of India,Why Netanyahu doesn’t take Biden seriously,https://timesofindia.indiatimes.com/world/us/why-netanyahu-doesnt-take-biden-seriously/articleshow/111219989.cms
Times of India,To NCERT and its masters: Babri was razed. That fact can’t be erased,https://timesofindia.indiatimes.com/india/to-ncert-and-its-masters-babri-was-razed-that-fact-cannot-be-erased/articleshow/111204686.cms
Times of India,There is no reason why INDIA can’t win the Bihar election,https://timesofindia.indiatimes.com/india/no-reason-why-india-cant-win-the-next-bihar-assembly-elections-even-if-advancedour-vote-share-has-shot-up/articleshow/111211216.cms
Times of India,EU's message to Apple: Time to “act different” on App Store policies,https://timesofindia.indiatimes.com/technology/eus-message-to-apple-time-to-act-different-on-app-store-policies/articleshow/111229466.cms
Times of India,Hot And Cold Water Purifiers For All Seasons,https://timesofindia.indiatimes.com/hot-picks/hot-and-cold-water-purifiers-for-all-seasons/articleshow/111212328.cms
Times of India,CGBSE Class 12 Revaluation Results for 2024 Out: Check Direct Link Here,https://timesofindia.indiatimes.com/education/news/cgbse-class-12-revaluation-results-for-2024-out-check-direct-link-here/articleshow/111226292.cms
Times of India,Huma drops new PIC from Zaheer-Sona's nuptials,https://timesofindia.indiatimes.com/entertainment/hindi/bollywood/news/zaheer-iqbal-embraces-his-bride-sonakshi-sinha-in-unseen-pic-from-their-wedding-shared-by-bff-huma-qureshi-with-a-heartwarming-note/articleshow/111228636.cms
Times of India,'Pirates Of The Caribbean' actor Tamayo Perry found dead,https://timesofindia.indiatimes.com/entertainment/english/hollywood/news/pirates-of-the-caribbean-actor-tamayo-perry-found-dead-with-missing-arm-and-leg-in-suspected-shark-attack/articleshow/111226935.cms
Times of India,Unconventional characters redefining Indian cinema,https://timesofindia.indiatimes.com/entertainment/telugu/movies/news/breaking-boundaries-unconventional-characters-redefining-indian-cinema/articleshow/111208394.cms
Times of India,Ananya turns heads in shimmery green mini dress,https://timesofindia.indiatimes.com/entertainment/hindi/web-stories/ananya-pandey-turns-heads-in-shimmery-green-mini-dress/photostory/111202206.cms
Times of India,Geetika on working with Paritosh in Luv Ki Arrange Marriage,https://timesofindia.indiatimes.com/tv/news/hindi/exclusive-choti-sarrdaarnis-geetika-mehandru-on-working-with-paritosh-tripathi-in-luv-ki-arrange-marriage-he-is-so-smart-and-trained-i-was-always-alert-about-the-impromptu-scenes/articleshow/111226021.cms
Times of India,Sonakshi & Zaheer’s wedding pics,https://photogallery.indiatimes.com/celebs/bollywood/dreamy-inside-pictures-from-sonakshi-sinha-and-zaheer-iqbals-wedding-from-now-until-forever/articleshow/111212951.cms
Times of India,Sonakshi and Zaheer’s romance blossoms,https://photogallery.indiatimes.com/celebs/bollywood/bollywoods-best-kept-secret-sonakshi-sinha-and-zaheer-iqbals-love-story-revealed/articleshow/111183905.cms
Times of India,Triptii Dimri's Italian getaway,https://photogallery.indiatimes.com/celebs/bollywood/from-chilling-on-the-beach-to-sunkissed-selfies-inside-triptii-dimris-italian-getaway/articleshow/111009447.cms
Times of India,Karishma Tanna's vacation pics,https://photogallery.indiatimes.com/celebs/bollywood/karishma-tannas-vacation-photos-are-a-captivating-blast-of-wanderlust-experience/articleshow/110967664.cms
Times of India,Kangana Ranaut dazzles in sarees,https://photogallery.indiatimes.com/celebs/bollywood/kangana-ranaut-dazzles-in-a-series-of-stunning-sarees/articleshow/110712625.cms
Times of India,Munawar Faruqui's second wife,https://photogallery.indiatimes.com/tv/stars/heres-all-you-need-to-know-about-mehzabeen-coatwala-munawar-faruquis-second-wife/articleshow/110563771.cms
Times of India,Talented cast brings ‘Panchayat’ to life,https://photogallery.indiatimes.com/tv/shows/meet-the-talented-cast-bringing-panchayat-to-life/articleshow/110502199.cms
Times of India,Inside pics from KKR’s after-party,https://photogallery.indiatimes.com/celebs/bollywood/from-shah-rukh-khan-poses-with-rahmanullah-gurbaz-to-suhana-khan-ananya-panday-and-shanaya-kapoor-posing-with-ipl-trophy-inside-kkrs-after-party/articleshow/110479725.cms
Times of India,Raveena-Rasha's spiritual visit to Mahakal,https://photogallery.indiatimes.com/celebs/bollywood/raveena-tandon-and-her-daughter-rasha-embark-on-a-spiritual-journey-seeking-blessings-from-mahakal-see-pictures/articleshow/110438228.cms
Times of India,The Indian village that witnesses the first rays of the Sun,https://timesofindia.indiatimes.com/etimes/trending/the-indian-village-that-witnesses-the-first-rays-of-the-sun/photostory/111226301.cms
Times of India,Student's heart diagram in exam is getting viral: Here’s what it holds!,https://timesofindia.indiatimes.com/etimes/trending/students-heart-diagram-in-exam-is-getting-viral-heres-what-it-holds/articleshow/111218862.cms
Times of India,Bigg Boss OTT 3: Poulomi Das breaks down in tears as she recalls her breakup post 5 years long relationship with her Italian boyfriend,https://timesofindia.indiatimes.com/tv/news/hindi/bigg-boss-ott-3-poulomi-das-breaks-down-in-tears-as-she-recalls-her-breakup-post-5-years-long-relationship-with-her-italian-boyfriend/articleshow/111218936.cms
Times of India,Bigg Boss OTT 3: Tarot card reader Munisha Khatwani reveals she experienced astral travel after a major break-up; says ‘My soul could see my body while travelling in the universe’,https://timesofindia.indiatimes.com/tv/news/hindi/bigg-boss-ott-3-tarot-card-reader-munisha-khatwani-reveals-she-experienced-astral-travel-after-a-major-break-up-says-my-soul-could-see-my-body-while-travelling-in-the-universe/articleshow/111212821.cms
Times of India,10 important identification documents every Indian should own,https://timesofindia.indiatimes.com/etimes/trending/10-important-identification-documents-every-indian-should-own/photostory/111212272.cms
Times of India,9 oldest varieties of cotton found around the world,https://timesofindia.indiatimes.com/etimes/trending/9-oldest-varieties-of-cotton-found-around-the-world/photostory/111194725.cms
Times of India,Star-Studded Style! A Look at Celeb Outfits From Sonakshi Sinha & Zaheer Iqbal's Wedding Reception,https://timesofindia.indiatimes.com/videos/etimes/bollywood/star-studded-style-a-look-at-celeb-outfits-from-sonakshi-zaheers-wedding-reception/videoshow/111221733.cms
Times of India,Star-Studded Style! A Look at Celeb Outfits From Sonakshi Sinha & Zaheer Iqbal's Wedding Reception,https://timesofindia.indiatimes.com/videos/etimes/bollywood/star-studded-style-a-look-at-celeb-outfits-from-sonakshi-zaheers-wedding-reception/videoshow/111221733.cms
Times of India,"Sonakshi Sinha Wears Upcycled Saree for Civil Marriage, Stuns in Banarasi for Reception!",https://timesofindia.indiatimes.com/videos/etimes/bollywood/sonakshi-sinha-wears-upcycled-saree-for-civil-marriage-stuns-in-banarasi-for-reception/videoshow/111218100.cms
Times of India,"Sonakshi Sinha and Zaheer Iqbal's Reception: From Anil Kapoor, Tabu To Aditi Rao Hydari and Raveena Tandon, Stars Who Made It To Celebrate",https://timesofindia.indiatimes.com/videos/etimes/bollywood/sonakshi-sinha-and-zaheer-iqbals-reception-from-anil-kapoor-tabu-to-aditi-rao-hydari-and-raveena-tandon-stars-who-made-it-to-celebrate/videoshow/111212459.cms
Times of India,"Sonakshi Sinha, Zaheer Iqbal's FIRST Pictures Are Out!",https://timesofindia.indiatimes.com/videos/etimes/bollywood/sonakshi-sinha-and-zaheer-iqbal-tie-the-knot-duo-breaks-the-pastel-wedding-trend/videoshow/111211072.cms
Times of India,DJ Ganesh Reveals Details Of Sonakshi Sinha-Zaheer Iqbal Wedding,https://timesofindia.indiatimes.com/videos/etimes/bollywood/sonakshi-zaheer-reception-extravaganza-dj-ganesh-dishes-on-the-nights-biggest-surprises/videoshow/111208939.cms
Times of India,SHOCKING! Darshan Thoogudeepa Aides Threaten Witnesses,https://timesofindia.indiatimes.com/videos/entertainment/regional/kannada/shocking-revelations-police-accuse-darshan-thoogudeepas-aides-of-witness-intimidation/videoshow/111207656.cms
Times of India,‘Memo confusion led to N Bengal Kanchanjungha Express accident’,https://timesofindia.indiatimes.com/city/kolkata/memo-confusion-led-to-north-bengal-kanchanjungha-express-accident/articleshow/111215176.cms
Times of India,Bigg Boss OTT 3: Confirmed list of contestants of Anil Kapoor hosted show Bigg Boss OTT 3,http://timesofindia.indiatimes.com/tv/news/hindi/bigg-boss-ott-3-contestants-list-with-photos-confirmed-list-of-contestants-of-bigg-boss-ott-3/photostory/111156147.cms
Times of India,12 fruits with the highest and lowest amounts of sugar,http://timesofindia.indiatimes.com/life-style/food-news/12-fruits-with-the-highest-and-lowest-amounts-of-sugar/photostory/111061190.cms
Times of India,How the habit of consuming papaya seeds daily can improve health,http://timesofindia.indiatimes.com/life-style/food-news/how-the-habit-of-consuming-papaya-seeds-daily-can-improve-health/photostory/111081125.cms
Times of India,"Sonakshi weds Zaheer: Sonakshi Sinha debuts sindoor look, stuns in red silk sari and gajra at wedding reception",http://timesofindia.indiatimes.com/life-style/fashion/celeb-style/sonakshi-weds-zaheer-sonakshi-sinha-debuts-sindoor-look-stuns-in-red-silk-sari-and-gajra-at-wedding-reception/photostory/111211451.cms
Times of India,5 common everyday mistakes that are responsible for weight gain,http://timesofindia.indiatimes.com/life-style/health-fitness/weight-loss/5-common-everyday-mistakes-that-are-responsible-for-weight-gain/photostory/111057758.cms
Times of India,The last train station of India where no train ever stops,http://timesofindia.indiatimes.com/etimes/trending/the-last-train-station-of-india-where-no-train-ever-stops/photostory/110977112.cms
Times of India,Benefits of walking barefoot in grass daily for 10 minutes,https://timesofindia.indiatimes.com/life-style/health-fitness/health-news/benefits-of-walking-barefoot-in-grass-daily-for-10-minutes/photostory/111226541.cms
Times of India,Revisiting Neha Kakkar's wedding lehenga,https://timesofindia.indiatimes.com/life-style/fashion/celeb-style/a-look-at-neha-kakkars-wedding-lehenga-which-was-a-gift-from-sabyasachi/photostory/110939004.cms
Times of India,Challenge: Find 3 hidden ducklings in less than 7 secs,https://timesofindia.indiatimes.com/life-style/relationships/love-sex/can-you-find-three-hidden-ducklings-in-this-engaging-optical-illusion-in-under-7-seconds/articleshow/111225893.cms
Times of India,Decoding bridal makeup looks of Sonakshi Sinha,https://timesofindia.indiatimes.com/life-style/beauty/web-stories/decoding-bridal-makeup-looks-of-sonakshi-sinha/photostory/111225319.cms
Times of India,How to stay closer to your child as they grow older,https://timesofindia.indiatimes.com/life-style/parenting/moments/how-to-stay-closer-to-your-child-as-they-grow-older/articleshow/111228031.cms
Times of India,10 must-have foods for women to build muscles,https://recipes.timesofindia.com/web-stories/10-must-have-foods-for-women-to-build-muscles/photostory/111222015.cms
Times of India,10 things you should never pack in your check-in luggage,https://timesofindia.indiatimes.com/travel/things-to-do/10-things-you-should-never-pack-in-your-check-in-luggage/articleshow/111225713.cms
Times of India,Mercury and Saturn in Trine on 26th June 2024: These Zodiac Signs Will Benefit Most,https://timesofindia.indiatimes.com/astrology/planets-transits/mercury-and-saturn-in-trine-on-26th-june-2024-these-zodiac-signs-will-benefit-most/articleshow/111219940.cms
Times of India,9 animals that can understand human emotions,https://timesofindia.indiatimes.com/life-style/spotlight/web-stories/9-animals-that-can-understand-human-emotions/photostory/111227102.cms
Times of India,Russia: Dagestan Attack Toll Mounts; Four Terrorists Killed In Counter-Terror Operations,https://timesofindia.indiatimes.com/videos/international/russia-dagestan-attack-toll-mounts-four-terrorists-killed-in-counter-terror-operations/videoshow/111225715.cms
Times of India,Russia: Dagestan Attack Toll Mounts; Four Terrorists Killed In Counter-Terror Operations,https://timesofindia.indiatimes.com/videos/international/russia-dagestan-attack-toll-mounts-four-terrorists-killed-in-counter-terror-operations/videoshow/111225715.cms
Times of India,Putin Blasts U.S. For Deadly Attack On Sevastopol After Ukraine Launches ATACMS Missiles At Crimea,https://timesofindia.indiatimes.com/videos/international/putin-blasts-u-s-for-deadly-attack-on-sevastopol-after-ukraine-launches-atacms-missiles-at-crimea/videoshow/111217814.cms
Times of India,NEET Row: Tharoor's Uttar Pradesh Jibe Irks BJP Netas; 'Insulting State...',https://timesofindia.indiatimes.com/videos/toi-original/neet-row-tharoors-uttar-pradesh-jibe-irks-bjp-netas-insulting-state-/videoshow/111212793.cms
Times of India,"Russia Pounds 15 Ukrainian Regions; Claims 2,000 Kyiv's Soldiers Killed",https://timesofindia.indiatimes.com/videos/toi-original/russia-pounds-15-ukrainian-regions-claims-2000-kyivs-soldiers-killed/videoshow/111220508.cms
Times of India,Houthis' 'Toofan' New 'Nightmare' For U.S.-Led Forces; Tiny USV Can Carry 150 Kg Warheads,https://timesofindia.indiatimes.com/videos/toi-original/houthis-toofan-new-nightmare-for-u-s-led-forces-tiny-usv-can-carry-150-kg-warheads/videoshow/111182806.cms
Times of India,Inside Pictures From Sonakshi and Zaheer's Family Meet-Up Go Viral,https://timesofindia.indiatimes.com/videos/etimes/bollywood/inside-pictures-from-sonakshi-sinha-and-zaheer-iqbals-family-meet-up-go-viral/videoshow/111164847.cms
Times of India,"After Brad Pitt, Tom Cruise's daughter, Suri Cruise drops last name as she graduates High School",https://timesofindia.indiatimes.com/entertainment/english/hollywood/news/after-brad-pitt-tom-cruises-daughter-suri-cruise-drops-last-name-as-she-graduates-high-school/articleshow/111205245.cms
Times of India,Nana Patekar shares heartbreaking story of his eldest son's demise: 'I felt so disgusted that when I saw him...',https://timesofindia.indiatimes.com/entertainment/hindi/bollywood/news/nana-patekar-shares-heartbreaking-story-of-his-eldest-sons-demise-i-felt-so-disgusted-that-when-i-saw-him-/articleshow/111196254.cms
Times of India,"Annu Kapoor responds to Kangana Ranaut's criticism: 'Honorable sister, I do not know you, please forgive me'",https://timesofindia.indiatimes.com/entertainment/hindi/bollywood/news/annu-kapoor-responds-to-kangana-ranauts-criticism-honorable-sister-i-do-not-know-you-please-forgive-me/articleshow/111209254.cms
Times of India,"Nana Patekar recalls fighting with Sanjay Leela Bhansali, Vidhu Vinod Chopra and Anil Sharma: 'I cannot control my anger'",https://timesofindia.indiatimes.com/entertainment/hindi/bollywood/news/nana-patekar-recalls-fighting-with-sanjay-leela-bhansali-vidhu-vinod-chopra-and-anil-sharma-i-cannot-control-my-anger/articleshow/111212619.cms
Times of India,BBOTT 3: Poulomi recalls her breakup post 5 years long relationship,https://timesofindia.indiatimes.com/tv/news/hindi/bigg-boss-ott-3-poulomi-das-breaks-down-in-tears-as-she-recalls-her-breakup-post-5-years-long-relationship-with-her-italian-boyfriend/articleshow/111218936.cms
Times of India,Jhanak's Krushal Ahuja calls out online trolling,https://timesofindia.indiatimes.com/tv/news/hindi/jhanaks-krushal-ahuja-calls-out-online-trolling-co-star-hiba-nawab-comes-out-in-support/articleshow/111217305.cms
Times of India,BBOTT 3: Munisha Khatwani on experiencing astral travel,https://timesofindia.indiatimes.com/tv/news/hindi/bigg-boss-ott-3-tarot-card-reader-munisha-khatwani-reveals-she-experienced-astral-travel-after-a-major-break-up-says-my-soul-could-see-my-body-while-travelling-in-the-universe/articleshow/111212821.cms
Times of India,Ritesh's advice for young founders,https://timesofindia.indiatimes.com/tv/news/hindi/shark-tank-indias-ritesh-agarwal-shares-an-advice-for-young-founders-to-choose-between-wealth-and-status/articleshow/111216761.cms
Times of India,Inside Out 2 post-credits scenes: How many and what they are,https://timesofindia.indiatimes.com/entertainment/english/hollywood/news/inside-out-2-post-credits-scenes-how-many-and-what-they-are/articleshow/111208582.cms
Times of India,Newlyweds Sonakshi Sinha and Zaheer Iqbal perform romantic dance to Afreen Afreen at their wedding reception,https://timesofindia.indiatimes.com/entertainment/hindi/bollywood/news/newlyweds-sonakshi-sinha-and-zaheer-iqbal-perform-romantic-dance-to-afreen-afreen-at-their-wedding-reception/articleshow/111212836.cms
Times of India,When Kareena Kapoor Khan talked about managing life and work with Saif Ali Khan: 'My husband is not a businessman who comes home at 6pm',https://timesofindia.indiatimes.com/entertainment/hindi/bollywood/news/when-kareena-kapoor-khan-talked-about-managing-life-and-work-with-saif-ali-khan-my-husband-is-not-a-businessman-who-comes-home-at-6pm/articleshow/111148862.cms
Times of India,Subhash Ghai reflects on casting Akshaye Khanna in Taal: 'He does not belong to that category of ‘baazaaru’ stars' - Exclusive,https://timesofindia.indiatimes.com/entertainment/hindi/bollywood/news/subhash-ghai-reflects-on-casting-akshaye-khanna-in-taal-he-does-not-belong-to-that-category-of-baazaaru-stars-exclusive/articleshow/111194759.cms
Times of India,Best AC 2024: Latest Air Conditioners To Keep Your Home Cool,https://timesofindia.indiatimes.com/most-searched-products/electronics/air-conditioners/best-ac-2024-latest-air-conditioners-to-keep-your-home-cool/articleshow/107846573.cms?utm_source=toi-homepage&utm_medium=web-shopping-destination&utm_campaign=msp-shopping
Times of India,"Best Phone Under 20000: Best Sellers From OnePlus, Samsung, Realme And More",https://timesofindia.indiatimes.com/most-searched-products/mobile-phones/mobiles/best-phone-under-20000-best-sellers-from-oneplus-samsung-realme-and-more/articleshow/100498984.cms?utm_source=toi-homepage&utm_medium=web-shopping-destination&utm_campaign=msp-shopping
Times of India,Best TVs under 40000: Top picks in different screen sizes,https://timesofindia.indiatimes.com/most-searched-products/electronics/tv-and-appliances/best-tvs-under-40000-top-picks-in-different-screen-sizes/articleshow/100843552.cms?utm_source=toi-homepage&utm_medium=web-shopping-destination&utm_campaign=msp-shopping
Times of India,"Best Water Purifier With Price, Suitable For Home Use",https://timesofindia.indiatimes.com/most-searched-products/kitchen-and-dining/small-appliances/branded-and-best-water-purifier-with-price/articleshow/99961704.cms?utm_source=toi-homepage&utm_medium=web-shopping-destination&utm_campaign=msp-shopping
Times of India,Best Neckband Headphones for On-the-Go Listening,https://timesofindia.indiatimes.com/most-searched-products/electronics/headphones/best-neckband-headphones-for-on-the-go-listening/articleshow/108501002.cms?utm_source=toi-homepage&utm_medium=web-shopping-destination&utm_campaign=msp-shopping
Times of India,Sunglasses for Women to Prevent UV Ray Damage,https://timesofindia.indiatimes.com/most-searched-products/fashion/accessories/sunglasses-for-women-to-prevent-uv-ray-damage/articleshow/106774970.cms?utm_source=toi-homepage&utm_medium=web-shopping-destination&utm_campaign=msp-shopping
Times of India,Treadmills Under 30000: Best & Sturdy Options For You,https://timesofindia.indiatimes.com/most-searched-products/health-and-fitness/exercise-fitness/best-treadmills-under-30000-in-india-sturdy-affordable-options/articleshow/108050482.cms?utm_source=toi-homepage&utm_medium=web-shopping-destination&utm_campaign=msp-shopping
Times of India,Best Refrigerator Under 80000 To Buy Online,https://timesofindia.indiatimes.com/most-searched-products/electronics/refrigerators/best-refrigerator-under-80000-to-buy-online/articleshow/105730320.cms?utm_source=toi-homepage&utm_medium=web-shopping-destination&utm_campaign=msp-shopping
Times of India,Exclusive: Cummins 'defines' Australian team ahead of India humdinger,https://timesofindia.indiatimes.com/sports/cricket/icc-mens-t20-world-cup/exclusive-pat-cummins-defines-the-australia-team-ahead-of-crucial-india-vs-australia-clash-in-t20-world-cup/articleshow/111222934.cms
Times of India,"When Nikhat Zareen had her nose punched in the ring & told her mom ... Don't worry, if I get name & fame, there will be line of grooms outside our home",https://timesofindia.indiatimes.com/videos/sports/other-sports/when-nikhat-zareen-had-her-nose-punched-in-the-ring-told-her-mom-dont-worry-if-i-get-name-fame-there-will-be-line-of-grooms-outside-our-home/videoshow/111144478.cms
Times of India,"I've faced several obstacles to reach where I'm today, says Nitu Ghaghas",https://timesofindia.indiatimes.com/videos/sports/other-sports/ive-faced-several-obstacles-to-reach-where-im-today-says-nitu-ghaghas/videoshow/111144349.cms
Times of India,T20 World Cup scenarios: The race to the semifinals,https://timesofindia.indiatimes.com/sports/cricket/icc-mens-t20-world-cup/t20-world-cup-the-race-to-the-semifinals/articleshow/111221162.cms
Times of India,T20 WC: South Africa clinch semi-final spot with win over West Indies,https://timesofindia.indiatimes.com/sports/cricket/icc-mens-t20-world-cup/south-africa-secures-semi-final-spot-in-t20-world-cup-with-victory-over-west-indies/articleshow/111221558.cms
Times of India,T20 World Cup: Payback time for India against Australia?,https://timesofindia.indiatimes.com/sports/cricket/icc-mens-t20-world-cup/t20-world-cup-payback-time-for-india-against-australia/articleshow/111217588.cms
Times of India,'Sky's the limit...': Anderson optimistics about USA cricket,https://timesofindia.indiatimes.com/sports/cricket/icc-mens-t20-world-cup/skys-the-limit-corey-anderson-after-usas-t20-world-cup-campaign-ends/articleshow/111225252.cms
Times of India,Rovman Powell looks at the positives after West Indies exit,https://timesofindia.indiatimes.com/sports/cricket/icc-mens-t20-world-cup/we-arent-in-the-semi-finals-but-rovman-powell-looks-at-the-positives-after-west-indies-exit-from-t20-world-cup/articleshow/111223522.cms
Times of India,T20 World Cup: Patrick on a hat-trick against India,https://timesofindia.indiatimes.com/sports/cricket/icc-mens-t20-world-cup/t20-world-cup-pat-cummins-on-a-hat-trick-against-india/articleshow/111216415.cms
Times of India,Kuldeep enjoying the challenge of being a step ahead of batters,https://timesofindia.indiatimes.com/sports/cricket/icc-mens-t20-world-cup/t20-world-cup-kuldeep-yadav-enjoying-the-challenge-of-being-a-step-ahead-of-batters/articleshow/111217993.cms
Times of India,Euro 2024: Germany win group after 1-1 draw with Switzerland,https://timesofindia.indiatimes.com/sports/football/uefa-euro-2024/euro-2024-germany-win-group-after-niclas-fuellkrugs-stoppage-time-goal-earns-1-1-against-switzerland/articleshow/111217832.cms
Times of India,"When Google ""fought hard to counter"" Twitter's offer to Sundar Pichai",https://timesofindia.indiatimes.com/technology/tech-news/when-google-fought-hard-to-counter-twitters-offer-to-sundar-pichai/articleshow/111226194.cms
Times of India,Gautam Adani takes a dig at Hindenburg report at Adani Group AGM; says short-seller attack was designed to defame group,https://timesofindia.indiatimes.com/business/india-business/gautam-adani-takes-a-dig-at-hindenburg-report-at-adani-group-agm-says-short-seller-attack-was-designed-to-defame-group/articleshow/111226224.cms
Times of India,'Tadpole-shaped object': SpaceX rocket surprises music festival attendees with unusual sight,https://timesofindia.indiatimes.com/world/us/spacex-rocket-surprises-horizon-music-festival-attendees/articleshow/111228697.cms
Times of India,"CBSE Exam Day Guidelines 2024: Dos & Don'ts, Reporting Time, Admit Card Link and More",https://timesofindia.indiatimes.com/education/news/cbse-exam-day-guidelines-2024-dos-donts-reporting-time-and-more/articleshow/107682638.cms
Times of India,Return to office brings CEO affairs back to the forefront,https://timesascent.com/articles/Return-to-office-brings-CEO-affairs-back-to-the-forefront/157971
Times of India,Career breaks can infuse new vigour at work,https://timesascent.com/articles/Career-breaks-can-infuse-new-vigour-at-work/157972
Times of India,"Wipro CFO Jatin Dalal Quits, Sr VP Iyer Takes Over",https://timesascent.com/articles/Wipro-CFO-Jatin-Dalal-Quits-Sr-VP-Iyer-Takes-Over/157973
Times of India,"Early on, I imbibed a ‘nothing is impossible’ philosophy",https://timesascent.com/articles/Early-on-I-imbibed-a-nothing-is-impossible-philosophy/157974
Times of India,10 local dishes to try in Madurai,https://recipes.timesofindia.com/web-stories/10-local-dishes-to-try-in-madurai/photostory/111211429.cms
Times of India,Watch: How to make Chicken Noodles,https://recipes.timesofindia.com/videos/watch-how-to-make-chicken-noodles/videoshow/102774953.cms
Times of India,Watch: 1-Minute Cookie Challenge,https://recipes.timesofindia.com/videos/watch-1-minute-cookie-challenge/videoshow/102745065.cms
Times of India,Watch: How to make Vetrilai Nattukozhi,https://recipes.timesofindia.com/videos/watch-how-to-make-vetrilai-nattukozhi/videoshow/102685363.cms
Times of India,Watch: How to make Blue Ice,https://recipes.timesofindia.com/videos/watch-how-to-make-blue-ice/videoshow/101374900.cms
Times of India,Lebanese Garlic Sauce,https://recipes.timesofindia.com/recipes/lebanese-garlic-sauce/rs84466179.cms
Times of India,Banana Cheela,https://recipes.timesofindia.com/recipes/banana-cheela/rs89586552.cms
Times of India,Chamomile Milk,https://recipes.timesofindia.com/beverage/non-alcoholic/chamomile-milk/rs89584105.cms
Times of India,Boondi Ke Laddoo,https://recipes.timesofindia.com/recipes/boondi-ke-laddoo/rs84608690.cms
Times of India,Heart Choco Pops,https://recipes.timesofindia.com/recipes/heart-choco-pops/rs89561225.cms
Times of India,7 healthy beverages that help deep clean our body,https://timesofindia.indiatimes.com/life-style/health-fitness/diet/7-healthy-beverages-that-help-deep-clean-our-body/photostory/111220715.cms
Times of India,Walking for just 2 hours per week can reduce back pain,https://timesofindia.indiatimes.com/life-style/health-fitness/fitness/walking-for-just-2-hours-per-week-can-reduce-back-pain/articleshow/111205077.cms
Times of India,Weight Loss Story: IT engineer went from 89 kg to 72 kg by following this diet and workout routine,https://timesofindia.indiatimes.com/life-style/health-fitness/weight-loss/weight-loss-story-it-engineer-went-from-89-kg-to-72-kg-by-following-this-diet-and-workout-routine/articleshow/111173483.cms
Times of India,'Baahubali' actor Anushka Shetty suffering from a rare 'laughing disease'? Here's all about it,https://timesofindia.indiatimes.com/life-style/health-fitness/health-news/baahubali-actor-anushka-shetty-suffering-from-a-rare-laughing-disease-heres-all-about-it/articleshow/111216438.cms
Times of India,Optical Illusion: The number of horses you see in this picture can say a lot about your personality,https://timesofindia.indiatimes.com/life-style/health-fitness/de-stress/optical-illusion-the-number-of-horses-you-see-in-this-picture-can-say-a-lot-about-your-personality/articleshow/111188628.cms
Times of India,7 vegetables that reduce belly fat quickly,https://timesofindia.indiatimes.com/life-style/health-fitness/diet/7-vegetables-that-reduce-belly-fat-quickly/photostory/110732344.cms
Times of India,6 ways that are well-known to reduce cortisol belly fat,https://timesofindia.indiatimes.com/life-style/health-fitness/fitness/6-ways-that-are-well-known-to-reduce-cortisol-belly-fat/articleshow/111201525.cms
Times of India,Pedal up: 11 benefits of cycling everyday,https://timesofindia.indiatimes.com/life-style/health-fitness/web-stories/pedal-up-11-benefits-of-cycling-everyday/photostory/111165291.cms
Times of India,5 common everyday mistakes that are responsible for weight gain,https://timesofindia.indiatimes.com/life-style/health-fitness/weight-loss/5-common-everyday-mistakes-that-are-responsible-for-weight-gain/photostory/111057758.cms
Times of India,Warm water vs cold water: Which is best for weight loss,https://timesofindia.indiatimes.com/life-style/health-fitness/health-news/warm-water-vs-cold-water-which-is-best-for-weight-loss/articleshow/111183809.cms
Times of India,​9 reasons to have a tablespoon of Isabgol daily,https://timesofindia.indiatimes.com/life-style/health-fitness/web-stories/9-reasons-to-have-a-tablespoon-of-isabgol-daily/photostory/111186151.cms
Times of India,Bigg Boss OTT 3: Confirmed list of contestants of Anil Kapoor hosted show Bigg Boss OTT 3,https://timesofindia.indiatimes.com/tv/news/hindi/bigg-boss-ott-3-contestants-list-with-photos-confirmed-list-of-contestants-of-bigg-boss-ott-3/photostory/111156147.cms
Times of India,The Great Indian Kapil Show: Krushna Abhishek and Sunil Grover's mimicry of Shah Rukh Khan and Salman Khan earn them standing ovation; Kapil says 'This was the best moment of the season',https://timesofindia.indiatimes.com/tv/news/hindi/the-great-indian-kapil-show-krushna-abhishek-and-sunil-grovers-mimicry-of-shah-rukh-khan-and-salman-khan-earn-them-standing-ovation-kapil-says-this-was-the-best-moment-of-the-season/articleshow/111200461.cms
Times of India,The Kapil Sharma Show fame Ali Asgar performs Hajj; former cricketer Yusuf Pathan congratulates him,https://timesofindia.indiatimes.com/tv/news/hindi/the-kapil-sharma-show-fame-ali-asgar-performs-hajj-former-cricketer-yusuf-pathan-congratulates-him/articleshow/111190236.cms
Times of India,Devoleena Bhattacharjee condemns Bigg Boss OTT 3 contestants Armaan Malik and his wives Kritika and Payal’s participation; says ‘I feel disgusted just hearing about it’,https://timesofindia.indiatimes.com/tv/news/hindi/devoleena-bhattacharjee-condemns-bigg-boss-ott-3-contestants-armaan-malik-and-his-wives-kritika-and-payals-participation-says-i-feel-disgusted-just-hearing-about-it/articleshow/111202815.cms
Times of India,Exclusive - Sandiip Sikcand reacts to Rajan Shahi's decision of terminating Yeh Rishta actors Shehzada Dhami and Pratiksha Honmukhe; says 'The decision must have been a very thought out and maybe the last resort',https://timesofindia.indiatimes.com/tv/news/hindi/exclusive-sandiip-sikcand-reacts-to-rajan-shahis-decision-of-terminating-yeh-rishta-actors-shehzada-dhami-and-pratiksha-honmukhe-says-the-decision-must-have-been-a-very-thought-out-and-maybe-the-last-resort/articleshow/111211572.cms
Times of India,"From being flooded with cute gifts to feeding the underprivileged; Here’s how Shoaib Ibrahim, Dipika Kakar celebrated Ruhaan’s first birthday",https://timesofindia.indiatimes.com/tv/news/hindi/from-being-flooded-with-cute-gifts-to-feeding-the-underprivileged-heres-how-shoaib-ibrahim-dipika-kakar-celebrated-ruhaans-first-birthday/photostory/111205820.cms
Times of India,"Mehndi Hai Rachne Wali’s Shivangi Khedkar pens down heartfelt note for co-star Sai Ketan Rao as he enters Bigg Boss OTT 3; says, “I'll be cheering for you at every step”",https://timesofindia.indiatimes.com/tv/news/hindi/mehndi-hai-rachne-walis-shivangi-khedkar-pens-down-heartfelt-note-for-co-star-sai-ketan-rao-as-he-enters-bigg-boss-ott-3-says-ill-be-cheering-for-you-at-every-step/articleshow/111187555.cms
Times of India,The Great Indian Kapil Show: Kartik Aaryan's mom reveals he kept his passion for acting a secret until he got 'Pyaar Ka Punchnama'; says 'Par Main khush nahi thi',https://timesofindia.indiatimes.com/tv/news/hindi/the-great-indian-kapil-show-kartik-aaryans-mom-reveals-he-kept-his-passion-for-acting-a-secret-until-he-got-pyaar-ka-punchnama-says-par-main-khush-nahi-thi/articleshow/111195009.cms
Times of India,"Best week to purchase Hero motorcycle, scooter! Price hike from July 1: Here's why and by how much",https://timesofindia.indiatimes.com/auto/bikes/best-week-to-purchase-hero-motorcycle-scooter-price-hike-from-july-1-heres-why-and-by-how-much/articleshow/111227486.cms
Times of India,"Who is Pradeep Singh Kharola, the newly appointed NTA Director General?",https://timesofindia.indiatimes.com/education/news/who-is-pradeep-singh-kharola-the-newly-appointed-nta-director-general/articleshow/111219828.cms
Times of India,"'Abhi abhi aya hai, aada maarne de...': Rohit Sharma's hilarious reply to Kuldeep Yadav - Watch",https://timesofindia.indiatimes.com/sports/cricket/icc-mens-t20-world-cup/abhi-abhi-aya-hai-aada-maarne-de-rohit-sharmas-hilarious-reply-to-kuldeep-yadav-watch/articleshow/111199618.cms
Times of India,"Centre office timings rule 2024: Government cracks whip, tells staff to be in office by 9.15am or lose 1/2 day casual leave",https://timesofindia.indiatimes.com/india/centre-cracks-whip-tells-staff-to-be-in-office-by-9-15am-or-lose-1/2-day-cl/articleshow/111177328.cms
Times of India,Bigg Boss OTT 3: Full and Final list of contestants of Anil Kapoor hosted show Bigg Boss OTT 3,https://timesofindia.indiatimes.com/tv/news/hindi/bigg-boss-ott-3-contestants-list-with-photos-confirmed-list-of-contestants-of-bigg-boss-ott-3/photostory/111156147.cms
Times of India,PM to attend Quad summit in US on Sept 24,https://timesofindia.indiatimes.com/india/pm-modi-to-attend-first-in-person-quad-summit-to-be-hosted-by-biden-next-week/articleshow/86187822.cms
Times of India,Beauty benefits of drinking ash gourd juice,https://timesofindia.indiatimes.com/life-style/beauty/web-stories/beauty-benefits-of-drinking-ash-gourd-juice/photostory/111167788.cms
Times of India,6 Kitchen ingredients that can attract money,https://timesofindia.indiatimes.com/life-style/food-news/6-kitchen-ingredients-that-can-attract-money/articleshow/111189073.cms
Times of India,9 books that were banned immediately after release,https://timesofindia.indiatimes.com/life-style/books/web-stories/9-books-that-were-banned-immediately-after-release-heres-why/photostory/111174669.cms
Times of India,6 shlokas from the Bhagavad Gita to overcome negativity,https://timesofindia.indiatimes.com/life-style/soul-search/6-shlokas-from-the-bhagavad-gita-to-help-overcome-negative-emotions/photostory/111195642.cms
Times of India,Questions to ask in your relationship,https://timesofindia.indiatimes.com/life-style/relationships/web-stories/questions-to-ask-in-your-relationship/photostory/111135888.cms
Fitness,The Importance of a Bench Press Arch,https://breakingmuscle.com/bench-press-arch/
Fitness,New Year’s Fitness Sales (2024),https://breakingmuscle.com/new-years-fitness-sales/
Fitness,XWERKS Motion BCAA Review (2024): A Registered Dietitian’s Honest Thoughts,https://breakingmuscle.com/xwerks-motion-review/
Fitness,Assault Fitness AssaultBike Pro X Review (2024): Assault’s Best Bike Yet?,https://breakingmuscle.com/assault-fitness-assault-bike-pro-x-review/
Fitness,13 Best Exercise Bikes for Home Gyms (2024),https://breakingmuscle.com/best-exercise-bike/
Fitness,Transparent Labs BCAA Glutamine Review (2024): The Key to Post-Workout Recovery?,https://breakingmuscle.com/transparent-labs-bcaa-glutamine-review/
Fitness,XWERKS Motion BCAA Review (2024): A Registered Dietitian’s Honest Thoughts,https://breakingmuscle.com/xwerks-motion-review/
Fitness,Assault Fitness AssaultBike Pro X Review (2024): Assault’s Best Bike Yet?,https://breakingmuscle.com/assault-fitness-assault-bike-pro-x-review/
Fitness,13 Best Exercise Bikes for Home Gyms (2024),https://breakingmuscle.com/best-exercise-bike/
Fitness,Transparent Labs BCAA Glutamine Review (2024): The Key to Post-Workout Recovery?,https://breakingmuscle.com/transparent-labs-bcaa-glutamine-review/
Fitness,New Mr. Olympia Derek Lunsford Trains Back at Legendary Bev Francis Powerhouse Gym,https://breakingmuscle.com/new-mr-olympia-derek-lunsford-trains-back-legendary-gym/
Fitness,Missy Truscott Suffered Dual Meniscus Tears and a Ruptured ACL During the 2023 Fitness Olympia,https://breakingmuscle.com/missy-truscott-tore-knee-ligaments-at-2023-fitness-olympia/
Fitness,5-Time Classic Physique Champion Chris Bumstead and Fiancée Courtney King Share Pregnancy Announcement,https://breakingmuscle.com/chris-bumstead-pregnancy-announcement/
Fitness,Samson Dauda Wins 2023 Romania Muscle Fest Pro One Week After Finishing Third in Mr. Olympia,https://breakingmuscle.com/samson-dauda-wins-2023-romania-muscle-fest-pro/
Fitness,Larry Wheels Gained 53 Pounds in 5 Days After Finishing Second at 2023 Amateur Olympia,https://breakingmuscle.com/larry-wheels-gained-53-pounds-after-2023-amateur-olympia/
Fitness,Chest-Supported Row vs. Bent-Over Row: Which Variation is Best for Building a Bigger Back?,https://breakingmuscle.com/chest-supported-row-vs-bent-over-row/
Fitness,Superset-Style Upper Body Resistance Band Workout for Muscle Gains,https://breakingmuscle.com/superset-style-upper-body-resistance-band-workout/
Fitness,What Muscles Do Push-Ups Work? Get More Out of This Timeless Exercise,https://breakingmuscle.com/what-muscles-do-push-ups-work/
Fitness,What Muscles Do Squats Work? Maximize Your Benefits from the King of Leg Exercises,https://breakingmuscle.com/what-muscles-do-squats-work/
Fitness,Try These HIIT Treadmill Workouts for Different Goals,https://breakingmuscle.com/hiit-treadmill-workouts/
Fitness,The Ultimate Back and Biceps Workout for Every Lifter From Beginner to Advanced,https://breakingmuscle.com/back-and-biceps-workouts/
Fitness,The Ultimate Bench Press Workout to Increase Strength and Muscle,https://breakingmuscle.com/bench-press-workout/
Fitness,"Try These Biceps Workouts Without Weights for Muscle, Strength, and Fat Loss",https://breakingmuscle.com/biceps-workouts-without-weights/
Fitness,The Only Airport Workout You’ll Need When Traveling,https://breakingmuscle.com/airport-workout/
Fitness,Try These Hotel Workouts to Stay Fit During Holiday Travel,https://breakingmuscle.com/hotel-workouts/
Fitness,"Try These 3 Air Bike Workouts for Conditioning, Fat Loss, and More",https://breakingmuscle.com/air-bike-workouts/
Tech,Realme GT 6 Confirmed to Launch in China Next Month,https://www.gadgets360.com/mobiles/news/realme-gt-6-launch-china-july-specifications-features-weibo-5957757
Tech,Ray-Ban Meta Smart Glasses Can Now Record Up to 3-Minute Long Videos: Report,https://www.gadgets360.com/wearables/news/ray-ban-meta-smart-glasses-video-recording-3-minutes-report-5958026
Tech,"Apple Could Partner With Meta to Bring Meta AI to iPhone, iPad, and Mac Devices: Report",https://www.gadgets360.com/ai/news/apple-meta-ai-partnership-features-iphone-ipad-macbook-report-5957895
Tech,OnePlus Claims New Battery Tech Will Retain 80 Percent of Phone's Battery Capacity Even After 4 Years of Usage,https://www.gadgets360.com/mobiles/news/oneplus-glacier-battery-features-unveiled-ace-3-pro-5958456
Tech,"HMD Tab Lite Price, Design, Colourways, Key Features Leaked",https://www.gadgets360.com/tablets/news/hmd-tab-lite-price-design-colour-options-features-leak-5957768
Tech,"CoinStats Hit With Security Breach, Over 1,500 Linked Crypto Wallets Compromised",https://www.gadgets360.com/cryptocurrency/news/coinstats-hack-security-breach-1590-crypto-wallets-affected-5958291
Tech,"WhatsApp for Android, iOS Get More Interactive Stickers With Lottie Framework Support",https://www.gadgets360.com/apps/news/whatsapp-dynamic-stickers-lottie-framework-new-sticker-pack-5957473
Tech,Apple Could Reportedly Introduce Several New Variations of Its Vision Pro Headset In the Future,https://www.gadgets360.com/wearables/news/apple-vision-pro-headset-new-variations-planned-report-5957486
Tech,Palworld May Soon Arrive on PS5 After Pocketpair Staff Teases PlayStation Release,https://www.gadgets360.com/games/news/palworld-teased-playstation-release-ps5-pocketpair-pc-xbox-5957615
Tech,"Crypto Price Today: Bitcoin and Ether Remain Stagnant, Minimal Gains Seen Across the Market",https://www.gadgets360.com/cryptocurrency/news/bitcoin-ether-price-today-usd-63200-india-altcoins-losses-5957559
Tech,Moto S50 Neo Confirmed to Offer Four-Year Warranty; Specifications Revealed,https://www.gadgets360.com/mobiles/news/moto-s50-neo-four-year-warranty-launch-june-25-specifications-teasers-5957251
Tech,"Oppo A-Series Smartphone With iPhone 12-Like Camera Module Surfaces Online, Spotted on Certification Sites",https://www.gadgets360.com/mobiles/news/oppo-a-series-phone-bis-listing-camera-fv5-iphone-12-like-camera-report-5957069
Tech,"Samsung Galaxy Tab S10 Ultra Renders Leak, Suggesting a Similar Design to Its Predecessor",https://www.gadgets360.com/tablets/news/galaxy-s10-ultra-design-renders-leak-specifications-samsung-5956746
Tech,Tecno's Phantom V2 Fold Pops Up on Bluetooth SIG Website; Launch Could Be Imminent,https://www.gadgets360.com/mobiles/news/tecno-phantom-v2-bluetooth-sig-website-launch-imminent-specifications-5956628
Tech,"Lenovo Legion Tablet India Launch Confirmed; Design, Key Features Revealed",https://www.gadgets360.com/tablets/news/lenovo-legion-tablet-india-launch-date-pre-order-confirm-features-flipkart-availability-5956458
Tech,"Meta AI Chatbot Is Finally Rolling Out to India, Will Be Powered By Llama 3 AI Model",https://www.gadgets360.com/ai/news/meta-ai-india-roll-out-chatbot-llama-3-whatsapp-facebook-instagram-messenger-5956818
Tech,"Realme C61 4G Specifications, Price and Other Details Reportedly Leaked Ahead of Launch",https://www.gadgets360.com/mobiles/news/realme-c61-4g-specifications-price-in-india-leak-launch-report-5956343
Tech,"Realme V60, Realme V60s With 32-Megapixel Rear Camera, 5,000mAh Battery Launched: Price, Specifications",https://www.gadgets360.com/mobiles/news/realme-v60-v60s-price-launch-sale-date-specifications-features-5946302
Tech,"Samsung Galaxy S25 Series Could Reportedly Arrive With Exynos 2500 Chip, as Samsung Attempts to Improve Yield",https://www.gadgets360.com/mobiles/news/samsung-s25-series-exynos-2500-chip-development-galaxy-report-5945088
Tech,"Motorola Razr 50 Ultra India Launch Confirmed, Will be Available via Amazon",https://www.gadgets360.com/mobiles/news/motorola-razr-50-ultra-india-launch-availability-amazon-5944286
Sports,"Head-hunting: How to trap Travis, as Rohit Sharma and Co take on Australia in huge T20 World Cup match",https://indianexpress.com/article/sports/cricket/india-vs-australia-t20-world-cup-how-to-trap-travis-head-arshdeep-bumrah-9411755/
Sports,"AFG vs BAN 2024, T20 World Cup 2024 Live Streaming: When and where to watch Afghanistan vs Bangladesh live?",https://indianexpress.com/article/sports/cricket/afg-vs-ban-2024-t20-world-cup-2024-live-streaming-match-52-9411630/
Sports,"ICC T20 World Cup: Marco Jansen seals it with a six as South Africa win another close match, enter semifinals",https://indianexpress.com/article/sports/cricket/icc-t20-world-cup-marco-jansen-seals-it-with-a-six-as-south-africa-win-another-close-match-enter-semifinals-9411445/
Sports,Usman Khawaja on Afghanistan’s win over Australia: ‘They probably should have won against us in the ODI World Cup too’,https://indianexpress.com/article/sports/cricket/usman-khawaja-on-afghanistan-win-t20-world-cup-australia-vs-india-chances-9411366/
Sports,"IND vs AUS T20 World Cup 2024 predicted playing XI: Starc returns for Australia, India set to maintain balance",https://indianexpress.com/article/sports/cricket/ind-vs-aus-t20-world-cup-2024-playing-11-super-8-starc-india-siraj-kuldeep-9411244/
Sports,India vs Australia Weather Forecast: Rain likely to play spoilsport in St Lucia,https://indianexpress.com/article/sports/cricket/india-vs-australia-weather-forecast-rain-st-lucia-9411100/
Sports,Shubman Gill likely to be named captain for Zimbabwe tour,https://indianexpress.com/article/sports/cricket/shubman-gill-likely-to-be-named-captain-for-zimbabwe-tour-9411112/
Sports,"IND vs AUS 2024, T20 World Cup 2024 Match Today: Playing XI prediction, head-to-head stats, pitch report and weather update",https://indianexpress.com/article/sports/cricket/ind-vs-aus-2024-t20-world-cup-2024-match-today-overview-weather-report-head-to-head-key-players-to-watch-pitch-report-venue-details-9411005/
Sports,Cristiano Ronaldo’s AI language: How the much-maligned goal-hog is as much about Assists as about a self-sufficient ‘I’Subscriber Only,https://indianexpress.com/article/sports/football/cristiano-ronaldos-ai-language-how-the-much-maligned-goal-hog-is-as-much-about-assists-9410868/
Sports,"West Indies vs South Africa Highlights, T20 World Cup 2024: Jansen’s six powers SA to semifinal, WI knocked out",https://indianexpress.com/article/sports/cricket/west-indies-vs-south-africa-live-score-t20-world-cup-2024-match-50-today-wi-vs-sa-latest-scorecard-updates-9410534/
Sports,"T20 World Cup: After Adil Rashid’s magic and Chris Jordan’s hat-trick, Jos Buttler’s rapid 83 puts England in semifinals",https://indianexpress.com/article/sports/cricket/england-t20-world-cup-semifinal-adil-rashid-jordan-hat-trick-jos-buttler-83-9410615/
Sports,Table Tennis: Sreeja Akula does the double: Wins singles and doubles WTT titles in Lagos,https://indianexpress.com/article/sports/sport-others/sreeja-akula-singles-doubles-win-wtt-contender-titles-9410607/
Sports,"England thump USA to qualify for T20 World Cup semifinal: Buttler slams five sixes in an over, sets WI vs SA knockout game",https://indianexpress.com/article/sports/cricket/england-qualify-t20-world-cup-2024-semifinal-west-indies-south-africa-scenario-9410462/
Sports,"ENG vs USA: Chris Jordan becomes first England man to record T20I hat-trick, third of T20 World Cup 2024",https://indianexpress.com/article/sports/cricket/eng-vs-usa-chris-jordan-hattrick-first-england-man-t20-world-cup-records-9410437/
Sports,"After historic win over Aussies, Rashid sends home a message: ‘Roll up your sleeves… celebrate, dance’",https://indianexpress.com/article/sports/cricket/afghanistan-historic-win-vs-australia-celebrations-rashid-khan-9410388/
Sports,"IND vs AUS, T20 World Cup: Head’s troubles in focus as powerhouses meet in high stakes clash on back of contrasting outings",https://indianexpress.com/article/sports/cricket/india-vs-australia-t20-world-cup-semifinal-qualification-travis-head-bumrah-9410317/
Sports,"NADA suspends wrestler Bajrang Punia again, serves him ‘notice of charge’",https://indianexpress.com/article/sports/sport-others/nada-suspends-bajrang-punia-again-notice-of-charge-9410125/
Sports,"IND vs AUS 2024, T20 World Cup 2024 Live Streaming: When and where to watch India vs Australia live?",https://indianexpress.com/article/sports/cricket/ind-vs-aus-2024-t20-world-cup-2024-live-streaming-match-51-9410060/
Sports,"United States vs England Highlights, T20 World Cup 2024: Jos Buttler stars with blistering knock as England thrash USA in 9.4 overs to qualify for semifinals",https://indianexpress.com/article/sports/cricket/united-states-vs-england-live-score-t20-world-cup-2024-match-49-today-usa-vs-eng-latest-scorecard-updates-9409957/
Sports,"Rashid Khan on almost another Glenn Maxwell nightmare: ‘I couldn’t sleep that night in 2023, I won’t sleep tonight because of happiness’",https://indianexpress.com/article/sports/cricket/rashid-khan-glenn-maxwell-nightmare-world-cup-2023-mumbai-west-indies-9410050/
Sports,"How Afghanistan upset Australia: Warner, Agar drop catches; Gurbaz stares down Stoinis and Gulbadin takes out Cummins",https://indianexpress.com/article/sports/cricket/how-afghanistan-upset-australia-t20-world-cup-gurbaz-cummins-9410011/
Sports,"WI vs SA 2024, T20 World Cup 2024 Live Streaming: When and where to watch West Indies vs South Africa Super 8 match live?",https://indianexpress.com/article/sports/cricket/wi-vs-sa-2024-t20-world-cup-2024-live-streaming-match-50-super-8-9410002/
Sports,Mitch Marsh on India-Australia Super-8 match: ‘We just need to win and there’s no better team to do it against’,https://indianexpress.com/article/sports/cricket/india-vs-australia-t20-world-cup-super-8-afghanistan-mitch-marsh-9409947/
Sports,"Rashid Khan on AUS not playing AFG in bilaterals: ‘If you take cricket away from Afghanistan, I don’t know what will remain’",https://indianexpress.com/article/sports/cricket/rashid-khan-australia-vs-afghanistan-bilaterals-t20-world-cup-2024-9409803/
Sports,"ENG vs USA 2024, T20 World Cup 2024 Match Today: Playing XI prediction, head-to-head stats, pitch report and weather update",https://indianexpress.com/article/sports/cricket/eng-vs-usa-2024-t20-world-cup-2024-match-today-overview-weather-report-head-to-head-key-players-to-watch-pitch-report-venue-details-9409772/
